City_ID,City,Lat,Lng,Max Temp,Humidity,Cloudiness,Wind Speed,Country,Date
0,souillac,-20.52,57.52,73.4,83,40,5.82,MU,1590943077
1,rikitea,-23.12,-134.97,75.16,85,7,9.48,PF,1590943078
2,ushuaia,-54.8,-68.3,41.0,75,75,3.36,AR,1590943078
3,ahipara,-35.17,173.17,60.75,93,100,8.9,NZ,1590943078
4,castro,-24.79,-50.01,69.93,57,0,6.76,BR,1590943078
5,antigonish,45.62,-62.0,71.01,75,100,8.01,CA,1590943078
6,clyde river,70.47,-68.59,24.8,85,75,2.24,CA,1590943078
7,bluff,-46.6,168.33,42.89,76,53,7.07,NZ,1590943078
8,ocosingo,17.07,-92.25,78.8,88,90,5.82,MX,1590943078
9,karratha,-20.74,116.85,76.98,42,95,15.99,AU,1590943079
10,meulaboh,4.14,96.13,76.26,89,100,7.56,ID,1590943079
11,punta arenas,-53.15,-70.92,41.0,86,100,8.05,CL,1590943079
12,yar-sale,66.83,70.83,38.03,78,94,13.53,RU,1590943079
13,thompson,55.74,-97.86,59.0,28,40,3.36,CA,1590943079
14,barrow,71.29,-156.79,30.2,86,1,19.46,US,1590943079
15,vila velha,-20.33,-40.29,82.4,51,0,10.29,BR,1590943080
16,victoria,22.29,114.16,84.0,79,100,10.0,HK,1590943080
17,vaini,-21.2,-175.2,75.2,94,90,3.36,TO,1590943080
18,upernavik,72.79,-56.15,31.6,91,30,2.48,GL,1590943080
19,magistralnyy,56.17,107.45,49.5,83,100,3.13,RU,1590943080
20,ilo,-17.64,-71.34,70.36,71,39,11.27,PE,1590943080
21,port alfred,-33.59,26.89,66.0,55,0,2.21,ZA,1590943080
22,las vegas,36.17,-115.14,81.0,21,1,8.05,US,1590942920
23,longyearbyen,78.22,15.64,37.4,93,75,3.36,SJ,1590943081
24,tuktoyaktuk,69.45,-133.04,32.0,90,75,14.99,CA,1590943081
25,shebunino,46.43,141.86,52.54,80,0,12.62,RU,1590943081
26,dikson,73.51,80.55,31.12,98,28,17.81,RU,1590943081
27,moron,-34.65,-58.62,57.0,61,24,7.0,AR,1590943081
28,labuhan,-6.88,112.21,80.51,84,98,7.87,ID,1590943081
29,penzance,50.12,-5.54,66.2,55,70,24.16,GB,1590943081
30,mar del plata,-38.0,-57.56,53.01,81,90,18.34,AR,1590943081
31,port elizabeth,-33.92,25.57,64.51,59,0,2.57,ZA,1590942972
32,busselton,-33.65,115.33,53.01,73,36,3.27,AU,1590943082
33,avarua,-21.21,-159.78,75.2,88,99,4.7,CK,1590943082
34,lavrentiya,65.58,-171.0,43.86,61,5,14.94,RU,1590943082
35,verkhnyaya khava,51.84,39.94,60.8,63,40,8.95,RU,1590943082
36,alofi,-19.06,-169.92,77.0,88,100,11.41,NU,1590943082
37,mehamn,71.04,27.85,51.8,66,40,27.51,NO,1590943083
38,olafsvik,64.89,-23.71,45.95,71,88,13.38,IS,1590943083
39,cockburn town,21.46,-71.14,81.55,79,11,14.43,TC,1590943083
40,belyy yar,53.6,91.39,55.4,87,40,8.95,RU,1590943083
41,mataura,-46.19,168.86,36.0,83,15,2.44,NZ,1590943083
42,atuona,-9.8,-139.03,80.51,75,4,17.72,PF,1590943083
43,jerome,42.72,-114.52,64.0,36,1,8.05,US,1590943083
44,bredasdorp,-34.53,20.04,59.0,82,26,3.36,ZA,1590943084
45,necochea,-38.55,-58.74,53.01,78,100,15.99,AR,1590943084
46,korla,41.76,86.15,78.71,17,39,3.27,CN,1590942942
47,guanica,17.97,-66.91,91.99,52,0,10.0,PR,1590943084
48,nantucket,41.28,-70.1,64.4,48,1,24.16,US,1590942912
49,iqaluit,63.75,-68.51,32.0,97,90,13.87,CA,1590943084
50,new norfolk,-42.78,147.06,48.0,63,100,1.99,AU,1590943084
51,latung,5.5,120.88,84.02,72,0,4.85,PH,1590943085
52,asau,46.43,26.4,52.0,74,100,4.52,RO,1590943085
53,kapaa,22.08,-159.32,73.4,83,20,11.41,US,1590943085
54,san policarpo,12.18,125.51,82.47,80,78,10.6,PH,1590943085
55,georgetown,5.41,100.34,80.6,94,20,4.7,MY,1590943085
56,airai,-8.93,125.41,57.15,92,3,3.2,TL,1590943085
57,namatanai,-3.67,152.43,80.01,81,68,4.05,PG,1590943086
58,roald,62.58,6.13,66.99,45,0,4.7,NO,1590943086
59,puerto ayora,-0.74,-90.35,80.6,69,20,18.34,EC,1590942941
60,saint-philippe,-21.36,55.77,73.4,83,64,11.41,RE,1590943086
61,xining,36.62,101.77,54.84,44,44,1.52,CN,1590943086
62,flinders,-34.58,150.86,63.0,83,100,1.01,AU,1590943086
63,khatanga,71.97,102.5,41.95,71,46,6.02,RU,1590943086
64,butaritari,3.07,172.79,82.71,79,92,11.95,KI,1590943087
65,ketchikan,55.34,-131.65,48.2,93,90,13.87,US,1590943087
66,yellowknife,62.46,-114.35,53.6,46,75,13.87,CA,1590943087
67,san jose,37.34,-121.89,64.99,67,75,4.7,US,1590943013
68,prado,-17.34,-39.22,77.54,64,16,6.98,BR,1590943087
69,cape town,-33.93,18.42,60.8,82,19,4.7,ZA,1590942883
70,egvekinot,66.32,-179.17,39.0,73,17,10.71,RU,1590943088
71,saint george,37.1,-113.58,82.99,15,1,5.26,US,1590942951
72,klaksvik,62.23,-6.59,59.0,67,98,13.87,FO,1590943088
73,cayenne,4.93,-52.33,87.8,66,66,14.99,GF,1590943088
74,kodiak,57.79,-152.41,48.2,87,90,8.05,US,1590943088
75,mabaruma,8.2,-59.78,80.87,90,74,5.66,GY,1590943088
76,esperance,-33.87,121.9,51.8,100,40,6.93,AU,1590943089
77,logan,41.74,-111.83,73.0,53,54,4.43,US,1590943089
78,ponta do sol,32.67,-17.1,68.0,72,75,10.29,PT,1590943089
79,madras,13.09,80.28,87.8,79,20,14.99,IN,1590942853
80,east london,-33.02,27.91,70.45,53,0,5.7,ZA,1590942984
81,assiniboia,49.63,-105.98,70.75,56,51,25.41,CA,1590943089
82,jieshi,22.81,115.83,80.87,88,99,8.59,CN,1590943089
83,hit,33.64,42.83,86.38,15,0,6.4,IQ,1590943089
84,muros,42.78,-9.06,82.99,78,38,8.99,ES,1590943090
85,hermanus,-34.42,19.23,57.0,93,14,0.34,ZA,1590943090
86,nouadhibou,20.93,-17.03,75.2,69,0,18.34,MR,1590943090
87,jamestown,42.1,-79.24,52.0,61,40,11.41,US,1590942876
88,chokurdakh,70.63,147.92,37.42,76,91,1.5,RU,1590943090
89,daru,-9.08,143.21,78.71,87,77,16.2,PG,1590943091
90,srednekolymsk,67.45,153.68,47.05,61,0,5.86,RU,1590943091
91,pevek,69.7,170.31,37.06,81,0,6.98,RU,1590943091
92,kahului,20.89,-156.47,73.4,69,20,6.93,US,1590942819
93,dunedin,-45.87,170.5,48.99,79,0,1.01,NZ,1590942835
94,leningradskiy,69.38,178.42,36.99,86,0,4.09,RU,1590943091
95,kaitangata,-46.28,169.85,46.99,79,3,3.0,NZ,1590943091
96,bandarbeyla,9.49,50.81,82.62,72,97,26.93,SO,1590943091
97,diveyevo,55.04,43.24,51.84,91,100,10.71,RU,1590943092
98,san quintin,30.48,-115.95,70.39,63,1,10.87,MX,1590942940
99,hueyapan,18.87,-98.67,77.0,45,5,3.51,MX,1590943092
100,udachnyy,66.42,112.4,51.8,43,75,4.47,RU,1590943092
101,chuy,-33.7,-53.46,55.17,61,95,19.22,UY,1590943092
102,oistins,13.07,-59.53,87.8,62,20,19.46,BB,1590943092
103,poum,-20.23,164.02,73.78,86,27,10.33,NC,1590943092
104,nikolskoye,59.7,30.79,57.2,33,0,13.42,RU,1590943093
105,fortuna,40.6,-124.16,57.0,87,90,3.36,US,1590943093
106,karasjok,69.47,25.51,59.0,51,100,17.22,NO,1590943093
107,qaanaaq,77.48,-69.36,31.03,90,60,0.58,GL,1590943093
108,mayumba,-3.43,10.66,76.93,84,100,3.96,GA,1590943094
109,albany,42.6,-73.97,60.01,43,21,12.39,US,1590942917
110,devils lake,48.11,-98.87,64.4,31,1,14.99,US,1590943094
111,fairbanks,64.84,-147.72,62.01,51,75,3.36,US,1590943010
112,kuito,-12.38,16.93,75.2,29,68,11.41,AO,1590943094
113,cherskiy,68.75,161.3,48.56,54,100,3.67,RU,1590943095
114,nogliki,51.83,143.17,41.99,89,94,4.38,RU,1590943095
115,padang,-0.95,100.35,79.66,78,98,4.5,ID,1590942821
116,hobart,-42.88,147.33,50.0,71,100,8.05,AU,1590942823
117,jupiter,26.93,-80.09,91.4,43,1,3.36,US,1590943095
118,bonthe,7.53,-12.51,79.9,85,98,9.86,SL,1590943095
119,bandundu,-3.32,17.37,78.58,82,92,4.45,CD,1590943096
120,talnakh,69.49,88.4,39.2,69,0,13.42,RU,1590943096
121,biak,-0.91,122.88,78.35,82,55,4.23,ID,1590943096
122,yangjiang,21.85,111.97,80.62,91,78,7.72,CN,1590943096
123,impfondo,1.64,18.07,81.41,70,100,3.69,CG,1590943096
124,inta,66.03,60.17,41.61,88,100,7.29,RU,1590943097
125,torbay,47.67,-52.73,73.4,64,20,25.28,CA,1590943097
126,coquimbo,-29.95,-71.34,57.2,93,90,6.93,CL,1590942827
127,tamandare,-8.76,-35.1,82.18,70,71,4.16,BR,1590943097
128,natal,-5.79,-35.21,86.0,66,40,11.41,BR,1590943097
129,lebu,-37.62,-73.65,53.35,57,81,16.02,CL,1590943097
130,tasiilaq,65.61,-37.64,41.0,80,14,4.7,GL,1590943098
131,krasnoye,49.91,24.61,57.2,87,75,13.42,UA,1590943098
132,berlevag,70.86,29.09,46.4,42,40,25.28,NO,1590943098
133,saskylakh,71.92,114.08,40.48,83,100,6.76,RU,1590943099
134,hithadhoo,-0.6,73.08,84.36,68,77,9.48,MV,1590943099
135,van wert,40.87,-84.58,62.01,38,1,5.82,US,1590943099
136,pisco,-13.7,-76.22,66.2,82,90,4.7,PE,1590943100
137,kecel,46.53,19.25,55.0,81,90,9.17,HU,1590943101
138,yaan,7.38,8.57,84.47,72,98,4.83,NG,1590943101
139,hilo,19.73,-155.09,73.4,83,90,3.36,US,1590943101
140,sumbe,-11.21,13.84,76.26,87,63,5.26,AO,1590943102
141,tanout,14.97,8.89,104.54,11,49,3.53,NE,1590943103
142,bengkulu,-3.8,102.27,77.65,85,34,3.74,ID,1590943103
143,guerrero negro,27.98,-114.06,71.26,62,3,12.77,MX,1590943103
144,carnarvon,-24.87,113.63,67.15,41,100,16.46,AU,1590943105
145,namwala,-15.75,26.44,67.41,54,65,3.67,ZM,1590943105
146,samara,53.0,50.0,71.6,43,20,6.71,RU,1590942830
147,lakitelek,46.88,20.0,55.0,81,90,9.17,HU,1590943106
148,cannes,43.55,7.02,69.8,68,13,6.93,FR,1590943106
149,mackenzie,55.3,-123.17,53.6,87,90,8.05,CA,1590943106
150,mareeba,-17.0,145.43,69.8,94,30,8.05,AU,1590943106
151,keti bandar,24.14,67.45,83.07,88,6,11.68,PK,1590943106
152,kawalu,-7.38,108.21,73.0,93,82,0.89,ID,1590943106
153,groa,62.65,8.72,68.0,37,0,8.05,NO,1590943106
154,lockhart,28.62,-81.44,93.0,55,85,6.33,US,1590943106
155,potosi,-19.58,-65.75,54.55,35,15,15.79,BO,1590942977
156,mani,4.82,-72.29,84.67,72,54,3.8,CO,1590943107
157,rock sound,24.9,-76.2,79.27,82,89,10.16,BS,1590943107
158,nanortalik,60.14,-45.24,44.38,66,100,4.14,GL,1590943107
159,arraial do cabo,-22.97,-42.03,78.8,54,29,5.82,BR,1590943107
160,san cristobal,7.77,-72.22,87.8,55,40,6.93,VE,1590943108
161,kruisfontein,-34.0,24.73,58.75,51,0,3.74,ZA,1590943108
162,visnes,59.36,5.22,66.0,67,100,12.75,NO,1590943108
163,riyadh,24.69,46.72,102.2,10,0,6.93,SA,1590942986
164,copiapo,-27.37,-70.33,66.2,63,20,10.29,CL,1590943108
165,ribeira grande,38.52,-28.7,68.0,72,40,16.11,PT,1590943108
166,huainan,32.63,117.0,76.82,65,93,4.52,CN,1590943108
167,naryan-mar,67.67,53.09,38.88,81,100,12.17,RU,1590943109
168,tuatapere,-46.13,167.68,40.5,71,52,3.89,NZ,1590943109
169,lookan,5.04,120.1,83.55,73,23,3.62,PH,1590943109
170,port blair,11.67,92.75,83.39,80,50,5.97,IN,1590943109
171,tommot,58.96,126.29,35.22,80,11,1.52,RU,1590943109
172,marawi,8.0,124.29,78.01,91,99,5.01,PH,1590943110
173,vardo,70.37,31.11,46.4,87,75,4.7,NO,1590943110
174,provideniya,64.38,-173.3,48.06,53,39,10.87,RU,1590943110
175,nsanje,-16.92,35.26,71.82,64,13,6.33,MW,1590943110
176,zhanaozen,43.3,52.8,79.47,35,4,23.91,KZ,1590943007
177,general roca,-39.03,-67.58,46.4,75,5,2.24,AR,1590943111
178,antalaha,-14.9,50.28,73.83,79,56,10.42,MG,1590943111
179,zelenoborskiy,66.84,32.36,43.86,92,100,5.26,RU,1590943111
180,kayerkan,69.35,87.76,39.2,69,0,13.42,RU,1590943111
181,komsomolskiy,40.43,71.72,84.2,20,45,11.41,UZ,1590943112
182,la paz,-16.5,-68.15,55.4,22,20,10.29,BO,1590942949
183,robertsport,6.75,-11.37,78.04,89,100,10.67,LR,1590943112
184,salihli,38.48,28.15,71.01,46,74,14.0,TR,1590943112
185,avera,33.19,-82.53,84.2,54,1,3.36,US,1590943112
186,tigil,57.8,158.67,34.0,93,90,2.17,RU,1590943112
187,batagay,67.63,134.63,35.94,75,8,2.15,RU,1590943112
188,jumla,29.27,82.18,54.73,67,89,2.33,NP,1590943113
189,port lincoln,-34.73,135.87,53.15,64,44,18.75,AU,1590943113
190,tiznit,29.58,-9.5,74.68,53,0,8.88,MA,1590943113
191,mnogovershinnyy,53.94,139.92,36.32,100,100,1.92,RU,1590943113
192,camopi,3.17,-52.32,81.77,90,56,2.95,GF,1590943113
193,praia,14.92,-23.51,82.4,51,22,19.46,CV,1590943113
194,ugoofaaru,5.67,73.0,83.57,77,99,15.05,MV,1590943113
195,anchorage,61.22,-149.9,51.8,81,75,4.7,US,1590942933
196,sao sebastiao,-23.76,-45.41,80.17,42,56,1.88,BR,1590943114
197,baft,29.23,56.61,77.45,19,35,6.02,IR,1590943114
198,dalvik,65.97,-18.53,48.2,76,75,2.24,IS,1590943114
199,grand-santi,4.25,-54.38,84.06,83,75,3.65,GF,1590943114
200,bambous virieux,-20.34,57.76,73.4,83,40,5.82,MU,1590943115
201,griffith,41.53,-87.42,64.99,47,1,5.37,US,1590943104
202,panama city,8.99,-79.52,82.4,78,75,8.05,PA,1590943115
203,darhan,49.49,105.92,53.98,51,51,0.31,MN,1590942948
204,tiksi,71.69,128.87,33.91,85,0,4.21,RU,1590943116
205,batemans bay,-35.72,150.18,48.99,82,100,5.01,AU,1590943116
206,cabo san lucas,22.89,-109.91,80.01,88,20,19.46,MX,1590943116
207,noumea,-22.28,166.46,66.2,93,75,2.24,NC,1590943116
208,melfi,41.0,15.65,69.8,49,40,4.7,IT,1590943117
209,ewo,-0.87,14.82,79.38,78,96,3.49,CG,1590943117
210,yumen,40.28,97.2,63.68,28,89,4.27,CN,1590943117
211,elias fausto,-23.04,-47.37,75.2,31,23,5.82,BR,1590943117
212,cap malheureux,-19.98,57.61,72.0,82,13,5.01,MU,1590943117
213,uinskoye,56.88,56.58,50.94,86,83,12.28,RU,1590943117
214,akdepe,42.06,59.38,89.6,21,0,2.24,TM,1590943117
215,saint-augustin,51.23,-58.65,54.5,67,99,11.79,CA,1590943118
216,chalchihuites,23.48,-103.88,67.82,30,0,5.19,MX,1590943118
217,norman wells,65.28,-126.83,48.2,41,75,10.29,CA,1590943118
218,zyryanka,65.75,150.85,45.99,64,100,7.18,RU,1590943119
219,henties bay,-22.12,14.28,70.07,37,0,11.03,NA,1590943119
220,bethel,41.37,-73.41,64.0,38,1,12.75,US,1590943119
221,mayo,38.89,-76.51,72.0,45,40,11.41,US,1590943119
222,mehriz,31.59,54.43,98.6,10,40,4.7,IR,1590943119
223,gosainganj,26.58,82.38,88.88,39,0,7.36,IN,1590943119
224,vestmannaeyjar,63.44,-20.27,48.2,70,20,13.87,IS,1590943120
225,liuzhou,24.31,109.39,79.68,86,100,7.58,CN,1590943120
226,ostrovnoy,68.05,39.51,39.49,73,100,2.44,RU,1590943120
227,kaeo,-35.1,173.78,60.01,3,95,7.0,NZ,1590943120
228,porto novo,6.5,2.6,86.0,74,20,10.29,BJ,1590943120
229,los llanos de aridane,28.66,-17.92,73.4,73,75,11.41,ES,1590943120
230,ridgecrest,35.62,-117.67,73.99,30,1,1.77,US,1590943120
231,ruidoso,33.33,-105.67,73.99,32,1,8.05,US,1590943121
232,moerai,-22.43,-151.33,76.23,77,0,2.68,PF,1590943121
233,kavaratti,10.57,72.64,82.15,81,100,20.62,IN,1590943121
234,ndende,-2.4,11.36,77.81,90,98,2.73,GA,1590943121
235,salalah,17.02,54.09,78.8,94,90,14.99,OM,1590943121
236,broome,42.25,-75.83,57.0,57,75,17.22,US,1590943121
237,high level,58.52,-117.14,51.8,93,90,3.36,CA,1590943121
238,tim,51.62,37.12,62.6,63,75,8.95,RU,1590943122
239,ibotirama,-12.19,-43.22,88.97,40,0,1.7,BR,1590943122
240,wonthaggi,-38.6,145.59,52.0,82,30,18.32,AU,1590943122
241,yenagoa,4.92,6.26,79.16,90,100,6.13,NG,1590943122
242,shache,38.42,77.24,72.14,21,99,3.31,CN,1590943122
243,nuuk,64.18,-51.72,39.2,80,100,8.05,GL,1590943122
244,rawson,-43.3,-65.1,50.72,46,55,2.01,AR,1590943123
245,zhoucheng,35.91,116.31,69.87,23,53,6.64,CN,1590943123
246,qaqortoq,60.72,-46.03,47.77,57,100,4.72,GL,1590943123
247,kalianget,-7.05,113.93,82.04,81,100,15.43,ID,1590943123
248,kargopol,61.51,38.95,46.4,56,79,9.73,RU,1590943123
249,moose factory,51.26,-80.61,41.0,80,90,8.05,CA,1590943124
250,beringovskiy,63.05,179.32,37.62,80,5,11.77,RU,1590943124
251,hualmay,-11.1,-77.61,71.78,70,79,10.56,PE,1590943124
252,thanh hoa,19.8,105.77,82.44,84,72,5.95,VN,1590943124
253,yanji,42.91,129.51,51.24,90,94,3.44,CN,1590943124
254,dingle,11.0,122.67,79.61,79,17,5.82,PH,1590943125
255,kainantu,-6.29,145.87,58.77,95,58,1.81,PG,1590943125
256,oshkosh,44.02,-88.54,60.01,47,1,6.93,US,1590943125
257,narasannapeta,18.42,84.05,84.7,81,71,8.66,IN,1590943126
258,lubango,-14.92,13.49,77.0,38,0,6.93,AO,1590943126
259,aksarka,66.56,67.8,37.58,85,99,7.94,RU,1590943126
260,marzuq,14.4,46.47,88.5,30,83,4.99,YE,1590943126
261,saldanha,-33.01,17.94,64.4,77,24,8.05,ZA,1590943126
262,sulangan,11.14,123.72,84.63,76,27,12.55,PH,1590943126
263,san patricio,19.22,-104.7,80.6,69,5,5.75,MX,1590943127
264,mountain home,43.13,-115.69,68.0,40,1,5.82,US,1590943127
265,bubaque,11.28,-15.83,79.74,79,100,16.89,GW,1590943127
266,taltal,-25.4,-70.48,67.32,62,5,5.82,CL,1590943127
267,laguna,38.42,-121.42,70.0,68,1,6.93,US,1590943127
268,husavik,66.04,-17.34,48.2,76,75,2.24,IS,1590943127
269,hamilton,39.18,-84.53,71.01,42,1,13.87,US,1590943127
270,xam nua,20.42,104.04,68.63,88,39,2.55,LA,1590943128
271,chimbote,-9.09,-78.58,72.77,70,59,10.09,PE,1590942839
272,keuruu,62.27,24.7,68.0,40,82,13.87,FI,1590943128
273,xacmaz,41.46,48.81,61.43,75,2,9.33,AZ,1590943128
274,ilulissat,69.22,-51.1,39.2,64,75,8.05,GL,1590943128
275,buala,-8.14,159.59,79.9,78,99,0.65,SB,1590943128
276,mount gambier,-37.83,140.77,48.2,87,75,19.46,AU,1590943128
277,wahiawa,21.5,-158.02,73.0,88,1,5.82,US,1590943129
278,hoa binh,20.81,105.34,86.0,70,71,8.05,VN,1590943129
279,taoudenni,22.68,-3.98,111.79,8,84,9.04,ML,1590943129
280,mahebourg,-20.41,57.7,73.4,83,40,5.82,MU,1590943129
281,half moon bay,37.46,-122.43,64.0,67,90,6.93,US,1590943047
282,aswan,24.09,32.91,89.64,11,0,11.54,EG,1590943129
283,tombouctou,20.0,-3.0,108.09,12,64,8.61,ML,1590943129
284,ponta delgada,37.73,-25.67,62.6,88,75,13.87,PT,1590943129
285,vancouver,49.25,-123.12,52.0,93,90,9.17,CA,1590942887
286,okhotsk,59.38,143.3,35.87,90,62,7.18,RU,1590943130
287,la ronge,55.1,-105.28,68.0,40,75,10.29,CA,1590943130
288,sompeta,18.93,84.6,84.58,82,77,14.18,IN,1590943130
289,srivardhan,18.03,73.02,84.96,79,100,3.51,IN,1590943130
290,brookhaven,31.58,-90.44,82.99,65,3,5.55,US,1590943130
291,kulhudhuffushi,6.62,73.07,83.7,76,98,15.88,MV,1590943131
292,papetoai,-17.5,-149.87,75.2,88,0,2.24,PF,1590943131
293,sao jose da coroa grande,-8.9,-35.15,80.17,77,84,2.33,BR,1590943131
294,saint-georges,12.06,-61.75,84.2,74,75,19.46,GD,1590943131
295,inhambane,-23.86,35.38,75.2,73,40,4.7,MZ,1590943112
296,catalina,32.51,-110.92,93.0,22,15,1.99,US,1590943131
297,cairns,-16.92,145.77,69.8,94,28,8.05,AU,1590943087
298,lorengau,-2.02,147.27,82.0,72,74,4.68,PG,1590943132
299,cidreira,-30.18,-50.21,66.88,75,46,9.82,BR,1590943132
300,mount isa,-20.73,139.5,60.8,44,0,1.12,AU,1590943132
301,disraeli,45.9,-71.35,44.01,58,29,5.99,CA,1590943132
302,tokmak,47.25,35.71,61.68,73,75,7.58,UA,1590943132
303,la palma,33.85,-118.05,71.01,68,75,4.7,US,1590943069
304,uthal,25.81,66.62,84.07,81,23,7.85,PK,1590943133
305,kovdor,67.57,30.48,42.57,97,100,3.18,RU,1590943133
306,kirakira,-10.45,161.92,79.83,80,97,5.21,SB,1590943134
307,valparaiso,-33.04,-71.63,60.8,63,0,4.7,CL,1590943134
308,jalapa,19.53,-96.92,73.99,55,79,4.72,MX,1590943135
309,entre rios,-11.94,-38.08,81.0,68,42,7.92,BR,1590943135
310,tres arroyos,-38.37,-60.28,51.1,68,87,15.95,AR,1590943135
311,isabela,6.71,121.97,78.8,94,20,1.12,PH,1590943135
312,sochi,43.6,39.73,68.0,72,80,8.95,RU,1590943135
313,barcelos,41.54,-8.62,78.01,82,20,11.41,PT,1590942851
314,harsin,34.27,47.59,78.8,4,0,9.17,IR,1590943136
315,soria,41.67,-2.67,61.0,81,96,3.0,ES,1590943136
316,yulara,-25.24,130.99,48.2,42,0,8.05,AU,1590943136
317,florianopolis,-27.61,-48.5,80.6,30,52,9.17,BR,1590943136
318,sao filipe,14.9,-24.5,76.08,72,21,10.0,CV,1590943136
319,maningrida,-12.07,134.27,70.65,92,49,7.45,AU,1590943136
320,santa isabel,-23.32,-46.22,75.2,36,35,11.41,BR,1590943137
321,naze,28.37,129.48,77.0,94,90,4.7,JP,1590943137
322,vallenar,-28.57,-70.76,71.19,43,16,7.58,CL,1590943137
323,kislyakovskaya,46.44,39.67,60.64,75,13,5.41,RU,1590943137
324,rocha,-34.48,-54.33,54.21,68,95,22.01,UY,1590943137
325,sembe,1.65,14.58,78.37,81,91,1.99,CG,1590943138
326,clarence town,-32.58,151.78,54.0,93,20,3.13,AU,1590943138
327,tolaga bay,-38.37,178.3,58.59,86,100,17.38,NZ,1590943138
328,mahibadhoo,3.78,72.97,83.37,77,95,11.74,MV,1590943138
329,isangel,-19.55,169.27,75.42,82,0,3.42,VU,1590943138
330,nome,64.5,-165.41,62.6,48,40,8.05,US,1590943138
331,zyryanovsk,49.74,84.27,53.94,71,1,1.45,KZ,1590943138
332,ullapool,57.9,-5.16,71.01,58,47,5.01,GB,1590943139
333,bentiu,9.23,29.83,88.86,44,21,6.71,SS,1590943139
334,ulaangom,49.98,92.07,56.89,36,43,2.01,MN,1590943139
335,le lorrain,14.83,-61.06,87.8,66,40,19.46,MQ,1590943139
336,namibe,-15.2,12.15,77.0,69,0,12.75,AO,1590943139
337,teya,60.38,92.63,46.9,86,100,7.07,RU,1590943139
338,magadan,59.57,150.8,36.99,90,15,5.01,RU,1590943139
339,terney,45.05,136.61,51.12,70,0,4.34,RU,1590943139
340,lloydminster,53.28,-110.0,64.4,55,75,24.16,CA,1590943140
341,marienburg,54.04,19.03,64.99,54,2,18.34,PL,1590943140
342,manta,-0.95,-80.73,80.6,74,97,8.05,EC,1590942969
343,goderich,43.75,-81.72,53.01,75,0,9.35,CA,1590943140
344,nicoya,10.15,-85.45,82.4,74,75,4.7,CR,1590943140
345,liberal,37.04,-100.92,80.6,39,1,21.92,US,1590943140
346,severo-kurilsk,50.68,156.12,39.58,75,87,5.66,RU,1590943140
347,mahanoro,-19.9,48.8,72.1,86,7,2.13,MG,1590943140
348,taybad,34.74,60.78,81.79,13,0,10.4,IR,1590943141
349,kerema,-7.96,145.78,78.39,87,99,5.3,PG,1590943141
350,davidson,36.15,-86.78,77.0,38,20,12.75,US,1590943141
351,itarema,-2.92,-39.92,83.64,74,98,11.72,BR,1590943141
352,makakilo city,21.35,-158.09,73.4,77,1,4.7,US,1590942897
353,pallasovka,50.05,46.88,63.48,67,1,9.44,RU,1590943047
354,narsaq,60.92,-46.05,49.91,49,100,3.76,GL,1590943141
355,chihuahua,28.5,-106.0,77.0,33,40,16.11,MX,1590942862
356,marsh harbour,26.54,-77.06,79.05,68,62,3.74,BS,1590943142
357,nanzhang,31.78,111.84,71.11,60,23,4.14,CN,1590943142
358,lensk,60.73,114.93,44.35,59,1,3.0,RU,1590943142
359,lagoa,39.05,-27.98,62.33,81,80,14.92,PT,1590943142
360,gejiu,23.31,103.16,60.04,99,28,1.66,CN,1590943142
361,tual,-5.67,132.75,82.42,83,66,18.59,ID,1590943143
362,sur,22.57,59.53,93.7,48,50,13.71,OM,1590943143
363,west bay,19.37,-81.42,86.0,74,20,11.41,KY,1590943020
364,wawa,9.9,4.42,94.15,43,18,4.47,NG,1590943143
365,swift current,50.28,-107.8,66.2,63,1,25.28,CA,1590943143
366,kamina,-8.74,24.99,72.79,51,15,3.98,CD,1590943143
367,hasaki,35.73,140.83,64.4,88,75,2.24,JP,1590943144
368,shingu,33.73,135.98,62.29,90,98,6.87,JP,1590943144
369,nishihara,26.18,127.76,80.6,78,90,10.29,JP,1590943144
370,belaya gora,68.53,146.42,42.76,58,89,4.68,RU,1590943144
371,anderson,34.53,-82.65,79.0,54,1,9.17,US,1590943145
372,pierre,44.37,-100.35,71.01,68,20,17.22,US,1590942901
373,broken hill,-31.95,141.43,51.8,62,33,14.99,AU,1590943145
374,fukue,32.69,128.84,68.72,88,93,3.89,JP,1590943145
375,oga,46.46,10.35,59.0,55,20,12.75,IT,1590943146
376,kirkwall,58.98,-2.96,59.0,67,0,14.99,GB,1590943146
377,groningen,53.25,6.75,69.01,52,100,13.87,NL,1590943018
378,hami,42.8,93.45,74.75,21,0,8.25,CN,1590943147
379,moultrie,31.18,-83.79,86.0,48,1,4.7,US,1590943147
380,grindavik,63.84,-22.43,48.2,70,40,13.87,IS,1590943147
381,biu,10.61,12.19,75.52,83,100,10.89,NG,1590943147
382,slyudyanka,51.66,103.71,49.32,78,94,4.97,RU,1590943147
383,whitefish,48.41,-114.34,55.4,87,90,14.99,US,1590943148
384,russell,32.35,-85.2,84.2,45,1,4.7,US,1590943148
385,magdagachi,53.45,125.8,40.96,96,76,4.38,RU,1590943148
386,kaduqli,11.02,29.72,96.33,19,15,7.52,SD,1590943148
387,lompoc,34.64,-120.46,61.0,77,90,11.41,US,1590942904
388,chernyshevskiy,63.01,112.47,44.15,62,60,3.69,RU,1590943148
389,puerto leguizamo,-0.19,-74.78,82.29,72,98,3.47,CO,1590943148
390,champawat,29.33,80.1,58.86,89,54,5.03,IN,1590943149
391,preobrazheniye,42.9,133.91,51.44,71,0,0.96,RU,1590943149
392,salamiyah,35.01,37.05,73.69,31,10,11.01,SY,1590943149
393,larap,14.3,122.65,79.5,87,37,5.86,PH,1590943149
394,tura,25.52,90.22,72.28,95,0,2.93,IN,1590943150
395,tromso,69.65,18.96,59.0,54,69,19.46,NO,1590942985
396,itoman,26.12,127.67,80.6,100,75,5.82,JP,1590943150
397,ngunguru,-35.62,174.5,60.01,98,100,15.99,NZ,1590943150
398,araouane,18.9,-3.53,105.69,15,96,2.71,ML,1590943150
399,acapulco,16.86,-99.89,80.6,69,5,9.17,MX,1590943150
400,san borja,-14.82,-66.85,89.15,45,0,3.31,BO,1590943151
401,hanzhong,33.07,107.03,67.6,63,74,2.13,CN,1590943151
402,kathmandu,27.72,85.32,69.8,88,75,1.86,NP,1590942869
403,te anau,-45.42,167.72,38.1,77,2,0.81,NZ,1590943151
404,tomatlan,19.93,-105.25,85.71,54,25,6.87,MX,1590943151
405,tungor,53.38,142.96,37.74,92,100,7.54,RU,1590943151
406,port macquarie,-31.43,152.92,52.0,93,8,3.36,AU,1590943152
407,havelock,34.88,-76.9,80.01,54,20,16.11,US,1590943152
408,portland,45.52,-122.68,55.99,71,90,3.36,US,1590943066
409,la rioja,42.25,-2.5,66.2,82,98,1.12,ES,1590943152
410,sarkand,45.41,79.92,65.62,32,0,5.39,KZ,1590943152
411,zhigansk,66.77,123.37,40.24,93,100,9.1,RU,1590943152
412,makat,47.65,53.35,76.06,33,47,12.86,KZ,1590943152
413,babai,22.7,77.93,93.58,20,69,2.01,IN,1590943153
414,jasper,37.2,-94.35,80.01,53,1,8.05,US,1590942881
415,yabrud,33.97,36.66,82.4,20,0,18.34,SY,1590943153
416,grenada,37.19,-3.61,64.99,72,75,11.41,ES,1590942955
417,vao,-22.67,167.48,71.47,69,53,11.48,NC,1590943153
418,venado tuerto,-33.75,-61.97,57.0,37,0,15.99,AR,1590943154
419,port hardy,50.7,-127.42,55.4,62,40,5.82,CA,1590943076
420,caravelas,-17.71,-39.25,78.19,61,60,7.45,BR,1590943154
421,shimoda,34.67,138.95,59.0,93,100,6.33,JP,1590943154
422,bafq,31.61,55.41,94.5,10,38,6.02,IR,1590943154
423,wanning,18.8,110.4,82.42,88,4,12.06,CN,1590943155
424,huarmey,-10.07,-78.15,73.71,67,69,10.76,PE,1590943156
425,sosua,19.77,-70.52,91.0,66,20,9.17,DO,1590943156
426,constantine,36.37,6.61,80.6,28,75,10.29,DZ,1590943143
427,marystown,47.17,-55.15,56.35,88,94,18.32,CA,1590943156
428,lewistown,40.6,-77.57,66.99,39,1,3.36,US,1590943157
429,lashio,22.93,97.75,67.8,98,40,0.74,MM,1590943129
430,porangatu,-13.44,-49.15,86.88,41,43,1.16,BR,1590943157
431,vaitape,-16.52,-151.75,80.42,81,21,14.45,PF,1590943157
432,shenkursk,62.11,42.9,49.37,55,77,9.15,RU,1590943157
433,hvide sande,56.0,8.13,69.8,40,100,10.29,DK,1590943158
434,pauini,-7.71,-66.98,86.74,67,53,3.38,BR,1590943158
435,soyo,-6.13,12.37,82.4,78,40,5.82,AO,1590943158
436,oranjemund,-28.55,16.43,64.53,40,0,5.12,NA,1590943158
437,hirara,24.8,125.28,82.09,85,61,12.33,JP,1590943158
438,haines junction,60.75,-137.51,50.29,60,100,5.48,CA,1590943158
439,orlik,52.52,99.83,43.03,64,89,7.0,RU,1590943159
440,kununurra,-15.77,128.73,68.0,1,0,6.35,AU,1590942963
441,lincoln,40.8,-96.67,72.0,56,20,17.22,US,1590943159
442,imeni babushkina,59.76,43.13,46.26,95,100,11.39,RU,1590943159
443,nawada,24.88,85.53,80.6,69,75,9.48,IN,1590943159
444,shelburne,44.08,-80.2,53.01,37,1,14.99,CA,1590943037
445,kanniyakumari,8.08,77.57,82.63,81,100,16.84,IN,1590943146
446,rawah,34.48,41.91,86.34,15,0,6.2,IQ,1590943159
447,okato,-39.2,173.88,50.0,77,100,11.01,NZ,1590943160
448,bilma,18.69,12.92,103.73,9,0,8.5,NE,1590943160
449,grand gaube,-20.01,57.66,72.0,82,14,5.01,MU,1590943160
450,sao jose do belmonte,-7.86,-38.76,74.93,79,96,7.63,BR,1590943160
451,queanbeyan,-35.35,149.23,50.0,81,75,10.29,AU,1590943160
452,antofagasta,-23.65,-70.4,66.2,63,0,9.17,CL,1590943160
453,sao felix do xingu,-6.64,-51.99,87.15,58,26,5.55,BR,1590943075
454,touros,-5.2,-35.46,86.0,66,40,11.41,BR,1590943161
455,takaka,-40.85,172.8,57.0,71,100,10.0,NZ,1590943161
456,nabire,-3.37,135.48,76.98,90,100,3.6,ID,1590943161
457,quelimane,-17.88,36.89,77.0,65,40,2.24,MZ,1590943161
458,sao joao da barra,-21.64,-41.05,80.6,44,6,11.41,BR,1590942987
459,calbuco,-41.77,-73.13,48.2,81,90,10.29,CL,1590943161
460,thinadhoo,0.53,72.93,84.27,70,85,10.36,MV,1590943161
461,kapit,2.02,112.93,76.3,94,93,1.59,MY,1590943161
462,kostomuksha,64.57,30.58,52.45,62,90,8.52,RU,1590943161
463,samfya,-11.36,29.56,73.67,53,70,8.95,ZM,1590943162
464,mata,40.68,-7.46,70.0,86,88,1.99,PT,1590943162
465,abu dhabi,24.47,54.37,96.8,59,0,4.7,AE,1590942969
466,faya,18.39,42.45,78.8,57,40,8.05,SA,1590943162
467,pangai,-19.8,-174.35,80.24,85,100,17.54,TO,1590943162
468,mana,5.66,-53.78,80.46,86,93,11.03,GF,1590943162
469,warrenton,-28.11,24.85,62.49,28,0,8.14,ZA,1590943163
470,hutchinson,38.06,-97.93,79.0,47,1,14.99,US,1590943163
471,selma,36.57,-119.61,72.0,63,57,6.93,US,1590943163
472,harper,4.38,-7.72,79.66,82,96,4.23,LR,1590943163
473,ares,-6.19,-35.16,86.0,66,40,11.41,BR,1590943163
474,sidi ali,36.1,0.42,78.46,45,39,13.31,DZ,1590943163
475,ganzhou,28.82,115.43,73.85,87,99,1.21,CN,1590943163
476,san mateo del mar,16.2,-95.0,84.56,61,94,26.51,MX,1590943163
477,taywarah,33.35,64.42,58.8,29,0,6.76,AF,1590943164
478,price,39.6,-110.81,73.4,38,1,10.29,US,1590943164
479,gatesville,31.44,-97.74,84.0,57,1,6.93,US,1590943164
480,margate,51.38,1.39,64.99,61,11,8.99,GB,1590943164
481,chernitsyno,51.51,36.05,62.6,63,75,8.95,RU,1590943164
482,ushtobe,45.25,77.98,74.17,23,0,13.38,KZ,1590943164
483,hovd,48.01,91.64,60.03,30,4,4.36,MN,1590943164
484,evensk,61.95,159.23,39.94,77,91,2.48,RU,1590943164
485,peleduy,59.63,112.74,47.16,56,100,2.77,RU,1590943165
486,svetlogorsk,52.63,29.73,53.17,89,98,11.16,BY,1590943165
487,felipe carrillo puerto,19.58,-88.05,75.97,97,100,4.68,MX,1590943165
488,eqbaliyeh,35.3,51.54,91.4,10,22,11.41,IR,1590943165
489,kargat,55.2,80.28,54.05,81,100,3.24,RU,1590943165
490,zhangye,38.93,100.45,66.72,24,84,8.08,CN,1590943165
491,sitka,57.05,-135.33,50.0,81,90,6.24,US,1590943165
492,sioux lookout,50.1,-91.92,62.6,33,20,10.29,CA,1590943165
493,tazovskiy,67.47,78.7,39.78,71,100,9.93,RU,1590943166
494,puli,23.97,120.97,82.99,94,40,5.82,TW,1590943166
495,balkanabat,39.51,54.37,73.94,62,0,8.63,TM,1590943166
496,plavsk,53.71,37.29,51.28,91,100,11.41,RU,1590943166
497,kariba,-16.52,28.8,70.25,58,43,3.33,ZW,1590943166
498,senanga,-16.12,23.27,72.23,38,20,5.73,ZM,1590943166
499,kashiwazaki,37.37,138.55,64.0,78,58,6.93,JP,1590943166
500,araripe,-7.21,-40.05,76.1,71,78,9.26,BR,1590943166
501,lazaro cardenas,17.96,-102.2,84.27,53,5,6.53,MX,1590943167
502,port hedland,-20.32,118.57,73.4,43,86,10.29,AU,1590943167
503,maarianhamina,60.1,19.93,62.6,39,0,13.87,AX,1590943167
504,raudeberg,61.99,5.14,73.4,37,6,5.82,NO,1590943167
505,cururupu,-1.83,-44.87,81.21,91,100,3.94,BR,1590943167
506,shagonar,51.53,92.8,55.58,57,100,3.44,RU,1590943167
507,mbini,1.57,9.61,82.4,88,75,10.29,GQ,1590943167
508,bara,10.37,10.73,95.95,35,100,8.43,NG,1590943167
509,dongli,23.57,116.82,78.8,100,40,2.24,CN,1590943168
510,mirabad,30.44,61.84,90.16,10,0,14.76,AF,1590943168
511,xichang,27.9,102.26,64.4,71,67,2.13,CN,1590943168
512,coihaique,-45.58,-72.07,42.8,81,20,3.36,CL,1590943168
513,katsuura,35.13,140.3,68.0,91,86,12.71,JP,1590943168
514,masasi,-10.72,38.8,71.58,65,17,4.63,TZ,1590943168
515,kloulklubed,7.04,134.26,78.8,83,40,5.82,PW,1590943168
516,svetlyy,54.67,20.13,62.6,59,0,15.66,RU,1590943168
517,port moresby,-9.44,147.18,77.0,100,75,11.41,PG,1590943169
518,abu samrah,35.3,37.18,74.44,32,6,13.04,SY,1590943169
519,richards bay,-28.78,32.04,69.33,87,0,10.0,ZA,1590943169
520,bitung,1.45,125.18,75.2,100,20,1.12,ID,1590943169
521,nouna,12.73,-3.87,97.56,34,93,8.03,BF,1590943169
522,ixtapa,20.7,-105.2,79.0,78,90,3.36,MX,1590943169
523,rio gallegos,-51.62,-69.22,44.6,70,64,8.05,AR,1590943170
524,pacific grove,36.62,-121.92,61.0,82,90,3.36,US,1590942992
525,ancud,-41.87,-73.82,51.8,76,13,9.17,CL,1590943170
526,nizhniy kuranakh,58.84,125.49,35.53,78,0,1.21,RU,1590943170
527,yichang,30.71,111.28,70.18,76,76,3.67,CN,1590943170
528,xapuri,-10.65,-68.5,93.51,46,73,0.49,BR,1590943170
529,bage,-31.33,-54.11,53.6,62,28,14.99,BR,1590943170
530,muroto,33.28,134.15,69.67,83,100,12.39,JP,1590943170
531,dhidhdhoo,6.88,73.1,83.88,76,99,15.84,MV,1590943171
532,burnie,-41.07,145.92,51.01,86,100,5.99,AU,1590943171
533,liverpool,53.41,-2.98,77.0,27,19,11.41,GB,1590942902
534,chiredzi,-21.05,31.67,68.25,63,0,6.87,ZW,1590943171
535,palauig,15.44,119.9,83.44,66,27,3.58,PH,1590943171
536,carutapera,-1.2,-46.02,80.31,91,100,4.74,BR,1590943171
537,gresham,45.5,-122.43,55.99,76,90,4.7,US,1590942914
538,milove,49.38,40.13,58.6,83,97,10.92,UA,1590943172
539,chingirlau,51.09,54.08,66.07,60,80,11.9,KZ,1590943172
